{
  "epoch": 2,
  "timestamp": "2025-11-16T10:51:11.178324",
  "metrics": {
    "epoch": 2,
    "conversations_processed": 30,
    "new_families_created": 0,
    "total_families": 3,
    "families_touched": 3,
    "family_sizes": [
      42,
      13,
      5
    ],
    "mean_satisfaction": 0.8456089983751972,
    "satisfaction_std": 0.0590909170144832,
    "mean_distance": 0.0,
    "distance_std": 0.0,
    "organ_confidence_final": {
      "LISTENING": 0.9887358002275304,
      "EMPATHY": 0.9073489905574079,
      "WISDOM": 0.8587852317595001,
      "AUTHENTICITY": 0.7847663949999999,
      "PRESENCE": 0.9788044208623918,
      "BOND": 0.9507614548908194,
      "SANS": 0.9991014948500426,
      "NDAM": 0.885616037725195,
      "RNX": 0.9988907343827688,
      "EO": 0.9979127210410353,
      "NEXUS": 0.9991014948500426,
      "CARD": 0.9988907343827688
    },
    "organ_confidence_std": 0.06806638512492856,
    "organ_changes": {
      "LISTENING": 0.06378311787602997,
      "EMPATHY": 0.12258259555740803,
      "WISDOM": 0.12450573175950008,
      "AUTHENTICITY": 0.11281639499999985,
      "PRESENCE": 0.08174998690971635,
      "BOND": 0.1076667529358194,
      "SANS": 0.020297073987650793,
      "NDAM": 0.1247644877251951,
      "RNX": 0.022441377869000023,
      "EO": 0.030218130487168704,
      "NEXUS": 0.020297073987650793,
      "CARD": 0.022441377869000023
    },
    "category_results": {
      "protector_honoring": {
        "count": 3,
        "mean_satisfaction": 0.8088451148796278,
        "num_families": 1
      },
      "somatic_resonance": {
        "count": 3,
        "mean_satisfaction": 0.8185427529204389,
        "num_families": 2
      },
      "tone_modulation": {
        "count": 3,
        "mean_satisfaction": 0.8364459329369832,
        "num_families": 1
      },
      "self_energy_access": {
        "count": 3,
        "mean_satisfaction": 0.8338956497189023,
        "num_families": 2
      },
      "coherence_repair": {
        "count": 3,
        "mean_satisfaction": 0.9109384260241115,
        "num_families": 3
      },
      "relational_safety": {
        "count": 3,
        "mean_satisfaction": 0.8112143102590764,
        "num_families": 2
      },
      "window_of_tolerance": {
        "count": 3,
        "mean_satisfaction": 0.8594258920430913,
        "num_families": 2
      },
      "parts_work": {
        "count": 3,
        "mean_satisfaction": 0.8471182475999077,
        "num_families": 1
      },
      "grief_processing": {
        "count": 2,
        "mean_satisfaction": 0.8063424813951439,
        "num_families": 1
      },
      "shame_processing": {
        "count": 2,
        "mean_satisfaction": 0.8414816003018126,
        "num_families": 2
      },
      "meaning_reconstruction": {
        "count": 2,
        "mean_satisfaction": 0.9466714043577913,
        "num_families": 2
      }
    },
    "epoch_time_seconds": 153.76726603507996,
    "signal_health": {
      "mean_pairwise_agreement": 0.5552909555055078,
      "mean_organ_entropy": 0.785319744906947,
      "mean_multiplicity_index": 0.3502775340470901,
      "mean_nexus_coherence": 0.5014257383903397,
      "mean_max_disagreement": 1.0,
      "organ_confidence_std": 0.06806638512492856,
      "organ_confidence_range": 0.21433509985004273,
      "inter_family_distance_mean": 1.4848432809777659,
      "inter_family_distance_std": 0.3005350566158019,
      "overall_health_score": 0.7127120907800362,
      "warnings": [
        "Low pairwise agreement (0.555)",
        "High multiplicity (0.350) - excessive organ disagreement"
      ],
      "recommendations": [
        "Organs not coordinating well - check organ coherence computation"
      ],
      "individual_health_scores": {
        "agreement": 0.4627424629212565,
        "multiplicity": 0.9996035227898712,
        "organ_differentiation": 0.7268879504164285,
        "family_separation": 0.6616144269925887
      }
    }
  },
  "families": 3,
  "organ_confidence": {
    "LISTENING": 0.9887358002275304,
    "EMPATHY": 0.9073489905574079,
    "WISDOM": 0.8587852317595001,
    "AUTHENTICITY": 0.7847663949999999,
    "PRESENCE": 0.9788044208623918,
    "BOND": 0.9507614548908194,
    "SANS": 0.9991014948500426,
    "NDAM": 0.885616037725195,
    "RNX": 0.9988907343827688,
    "EO": 0.9979127210410353,
    "NEXUS": 0.9991014948500426,
    "CARD": 0.9988907343827688
  }
}