{
  "metadata": {
    "training_date": "2025-11-13T20:33:22.265103",
    "num_pairs": 30,
    "enable_phase2": true,
    "enable_salience": true,
    "training_pairs_path": "knowledge_base/conversational_training_pairs.json"
  },
  "aggregate_metrics": {
    "success_rate": 1.0,
    "error_count": 0,
    "mean_confidence": 0.7647399078627569,
    "mean_nexus_count": 3.066666666666667,
    "mean_cycles": 2.0,
    "mean_v0_final": 0.3414260741843716,
    "mean_trauma_detection": 0.4631777777777778,
    "mean_processing_time": 0.4145604928334554
  },
  "time_series": {
    "confidence_history": [
      0.8,
      0.7022517340795291,
      0.8,
      0.8,
      0.8,
      0.8,
      0.8,
      0.6928875963266306,
      0.8,
      0.3,
      0.8,
      0.8,
      0.8,
      0.8,
      0.8,
      0.8,
      0.8,
      0.8,
      0.8,
      0.8,
      0.8,
      0.6835214223789811,
      0.667770887162622,
      0.8,
      0.8,
      0.8,
      0.6957655959349406,
      0.8,
      0.8,
      0.8
    ],
    "nexus_count_history": [
      4,
      2,
      4,
      5,
      5,
      0,
      0,
      4,
      2,
      0,
      2,
      3,
      6,
      2,
      3,
      6,
      4,
      2,
      7,
      7,
      3,
      2,
      3,
      7,
      3,
      1,
      2,
      0,
      3,
      0
    ],
    "cycle_history": [
      2,
      2,
      2,
      2,
      2,
      2,
      2,
      2,
      2,
      2,
      2,
      2,
      2,
      2,
      2,
      2,
      2,
      2,
      2,
      2,
      2,
      2,
      2,
      2,
      2,
      2,
      2,
      2,
      2,
      2
    ],
    "v0_final_history": [
      0.3175223544029948,
      0.37150366440232435,
      0.3050477280993893,
      0.3155564649920462,
      0.344869714217944,
      0.3679980142676629,
      0.37010658961047355,
      0.36140035460835523,
      0.36867532836060274,
      0.3686069605957853,
      0.3391500072694125,
      0.3356622478697725,
      0.2739113510907417,
      0.3449150612465828,
      0.3595119229657109,
      0.2914204945744117,
      0.33187176740964397,
      0.35386713175056367,
      0.2525923893363635,
      0.2672244240438917,
      0.35285695087802327,
      0.41836063197889456,
      0.37998780637107427,
      0.30283085550040095,
      0.3449559488840168,
      0.34555586837609786,
      0.3758282404552165,
      0.4047440593580331,
      0.2940545580139086,
      0.3821933346008097
    ],
    "salience_trauma_history": [
      1.0,
      0.8112500000000001,
      0.9425,
      0.83875,
      0.07333333333333333,
      0.5800000000000001,
      0.04125,
      0.77,
      0.8320000000000002,
      0.5800000000000001,
      0.0,
      0.5060000000000001,
      0.0,
      0.4640000000000001,
      0.06,
      0.0,
      0.0,
      0.4900000000000001,
      0.5800000000000001,
      0.5800000000000001,
      0.1,
      0.5800000000000001,
      0.5800000000000001,
      0.89375,
      1.0,
      0.62,
      0.5800000000000001,
      0.1,
      0.1,
      0.1925000000000001
    ],
    "processing_time_history": [
      10.594659090042114,
      0.08232402801513672,
      0.0882871150970459,
      0.06809115409851074,
      0.08613801002502441,
      0.07779312133789062,
      0.07337212562561035,
      0.08563995361328125,
      0.06768274307250977,
      0.07795405387878418,
      0.06372308731079102,
      0.05937790870666504,
      0.045179128646850586,
      0.04484891891479492,
      0.12263917922973633,
      0.07238388061523438,
      0.04686284065246582,
      0.06108689308166504,
      0.08598899841308594,
      0.06143903732299805,
      0.046499013900756836,
      0.04155087471008301,
      0.04086589813232422,
      0.04347681999206543,
      0.06181001663208008,
      0.06389784812927246,
      0.04650592803955078,
      0.04053306579589844,
      0.043511152267456055,
      0.04269289970397949
    ]
  },
  "pair_results": [
    {
      "pair_id": "burnout_001",
      "category": "burnout_spiral",
      "input_length": 414,
      "output_length": 326,
      "emission_confidence": 0.8,
      "nexus_count": 4,
      "cycles": 2,
      "v0_final": 0.3175223544029948,
      "signal_inflation": 1.0,
      "safety_gradient": 0.4,
      "processing_time": 10.594659090042114,
      "emission_path": "direct_reconstruction",
      "success": true
    },
    {
      "pair_id": "burnout_002",
      "category": "burnout_spiral",
      "input_length": 370,
      "output_length": 326,
      "emission_confidence": 0.7022517340795291,
      "nexus_count": 2,
      "cycles": 2,
      "v0_final": 0.37150366440232435,
      "signal_inflation": 0.8112500000000001,
      "safety_gradient": 0.51325,
      "processing_time": 0.08232402801513672,
      "emission_path": "direct_reconstruction",
      "success": true
    },
    {
      "pair_id": "burnout_003",
      "category": "burnout_spiral",
      "input_length": 430,
      "output_length": 326,
      "emission_confidence": 0.8,
      "nexus_count": 4,
      "cycles": 2,
      "v0_final": 0.3050477280993893,
      "signal_inflation": 0.9425,
      "safety_gradient": 0.4345,
      "processing_time": 0.0882871150970459,
      "emission_path": "direct_reconstruction",
      "success": true
    },
    {
      "pair_id": "burnout_004",
      "category": "burnout_spiral",
      "input_length": 346,
      "output_length": 326,
      "emission_confidence": 0.8,
      "nexus_count": 5,
      "cycles": 2,
      "v0_final": 0.3155564649920462,
      "signal_inflation": 0.83875,
      "safety_gradient": 0.49675,
      "processing_time": 0.06809115409851074,
      "emission_path": "direct_reconstruction",
      "success": true
    },
    {
      "pair_id": "burnout_005",
      "category": "burnout_spiral",
      "input_length": 361,
      "output_length": 326,
      "emission_confidence": 0.8,
      "nexus_count": 5,
      "cycles": 2,
      "v0_final": 0.344869714217944,
      "signal_inflation": 0.07333333333333333,
      "safety_gradient": 0.956,
      "processing_time": 0.08613801002502441,
      "emission_path": "direct_reconstruction",
      "success": true
    },
    {
      "pair_id": "toxic_prod_001",
      "category": "toxic_productivity",
      "input_length": 369,
      "output_length": 245,
      "emission_confidence": 0.8,
      "nexus_count": 0,
      "cycles": 2,
      "v0_final": 0.3679980142676629,
      "signal_inflation": 0.5800000000000001,
      "safety_gradient": 0.6519999999999999,
      "processing_time": 0.07779312133789062,
      "emission_path": "hebbian_fallback",
      "success": true
    },
    {
      "pair_id": "toxic_prod_002",
      "category": "toxic_productivity",
      "input_length": 339,
      "output_length": 285,
      "emission_confidence": 0.8,
      "nexus_count": 0,
      "cycles": 2,
      "v0_final": 0.37010658961047355,
      "signal_inflation": 0.04125,
      "safety_gradient": 0.97525,
      "processing_time": 0.07337212562561035,
      "emission_path": "hebbian_fallback",
      "success": true
    },
    {
      "pair_id": "toxic_prod_003",
      "category": "toxic_productivity",
      "input_length": 366,
      "output_length": 285,
      "emission_confidence": 0.6928875963266306,
      "nexus_count": 4,
      "cycles": 2,
      "v0_final": 0.36140035460835523,
      "signal_inflation": 0.77,
      "safety_gradient": 0.538,
      "processing_time": 0.08563995361328125,
      "emission_path": "direct_reconstruction",
      "success": true
    },
    {
      "pair_id": "toxic_prod_004",
      "category": "toxic_productivity",
      "input_length": 339,
      "output_length": 245,
      "emission_confidence": 0.8,
      "nexus_count": 2,
      "cycles": 2,
      "v0_final": 0.36867532836060274,
      "signal_inflation": 0.8320000000000002,
      "safety_gradient": 0.5007999999999999,
      "processing_time": 0.06768274307250977,
      "emission_path": "direct_reconstruction",
      "success": true
    },
    {
      "pair_id": "toxic_prod_005",