{
  "metadata": {
    "training_date": "2025-11-12T09:37:40.028272",
    "num_pairs": 30,
    "enable_phase2": true,
    "enable_salience": true,
    "training_pairs_path": "knowledge_base/conversational_training_pairs.json"
  },
  "aggregate_metrics": {
    "success_rate": 1.0,
    "error_count": 0,
    "mean_confidence": 0.46540308378405015,
    "mean_nexus_count": 2.7,
    "mean_cycles": 3.0,
    "mean_v0_final": 0.1474275107973959,
    "mean_trauma_detection": 0.4631777777777778,
    "mean_processing_time": 0.0407733678817749
  },
  "time_series": {
    "confidence_history": [
      0.4651205538877328,
      0.5963963036718752,
      0.4715961402370876,
      0.4654308745325244,
      0.5262899106666667,
      0.3,
      0.3,
      0.45774377618106016,
      0.5887344511637281,
      0.3,
      0.5297985693217855,
      0.4633546969641764,
      0.4635869601041666,
      0.5277638760150201,
      0.4558402752880814,
      0.46217216337060263,
      0.4657480360184662,
      0.5504800811979167,
      0.45812877218068854,
      0.4655916791198698,
      0.4630365321710394,
      0.5326794787760417,
      0.4478347960941309,
      0.4576367088126843,
      0.5304562736518291,
      0.6122643449999999,
      0.540825947281901,
      0.3,
      0.46358131181242784,
      0.3
    ],
    "nexus_count_history": [
      3,
      1,
      3,
      4,
      2,
      0,
      0,
      3,
      1,
      0,
      2,
      3,
      6,
      2,
      3,
      6,
      4,
      2,
      7,
      7,
      3,
      2,
      3,
      6,
      2,
      1,
      2,
      0,
      3,
      0
    ],
    "cycle_history": [
      3,
      3,
      3,
      3,
      3,
      3,
      3,
      3,
      3,
      3,
      3,
      3,
      3,
      3,
      3,
      3,
      3,
      3,
      3,
      3,
      3,
      3,
      3,
      3,
      3,
      3,
      3,
      3,
      3,
      3
    ],
    "v0_final_history": [
      0.13887115453017773,
      0.19644102840685976,
      0.15988305913089657,
      0.15112724011556147,
      0.17772494885551285,
      0.2280608347333868,
      0.22971174848345718,
      0.12190312621465545,
      0.1953845916700747,
      0.22842349506095208,
      0.13981915321982644,
      0.13770852957959062,
      0.04618998613215916,
      0.15744079064427027,
      0.15699137892076534,
      0.07459791396890794,
      0.10800217236898414,
      0.12385476401152691,
      0.041579809641166844,
      0.04157391568049112,
      0.142256168442127,
      0.20093579898678793,
      0.1718148939614423,
      0.09539924149753029,
      0.15710329144760352,
      0.15013183665708876,
      0.17480681834824593,
      0.15418260453000968,
      0.11404866562472943,
      0.20685636305708832
    ],
    "salience_trauma_history": [
      1.0,
      0.8112500000000001,
      0.9425,
      0.83875,
      0.07333333333333333,
      0.5800000000000001,
      0.04125,
      0.77,
      0.8320000000000002,
      0.5800000000000001,
      0.0,
      0.5060000000000001,
      0.0,
      0.4640000000000001,
      0.06,
      0.0,
      0.0,
      0.4900000000000001,
      0.5800000000000001,
      0.5800000000000001,
      0.1,
      0.5800000000000001,
      0.5800000000000001,
      0.89375,
      1.0,
      0.62,
      0.5800000000000001,
      0.1,
      0.1,
      0.1925000000000001
    ],
    "processing_time_history": [
      0.047770023345947266,
      0.04313921928405762,
      0.0550079345703125,
      0.04822206497192383,
      0.03918290138244629,
      0.033386945724487305,
      0.031105995178222656,
      0.049742698669433594,
      0.04295182228088379,
      0.032073974609375,
      0.03853583335876465,
      0.037095069885253906,
      0.04271388053894043,
      0.04223918914794922,
      0.0405728816986084,
      0.052351951599121094,
      0.04633331298828125,
      0.03590726852416992,
      0.048899173736572266,
      0.042726755142211914,
      0.04178309440612793,
      0.037781715393066406,
      0.03304600715637207,
      0.03935813903808594,
      0.03654003143310547,
      0.03608202934265137,
      0.04518699645996094,
      0.03169703483581543,
      0.036045074462890625,
      0.03572201728820801
    ]
  },
  "pair_results": [
    {
      "pair_id": "burnout_001",
      "category": "burnout_spiral",
      "input_length": 414,
      "output_length": 326,
      "emission_confidence": 0.4651205538877328,
      "nexus_count": 3,
      "cycles": 3,
      "v0_final": 0.13887115453017773,
      "signal_inflation": 1.0,
      "safety_gradient": 0.4,
      "processing_time": 0.047770023345947266,
      "emission_path": "intersection",
      "success": true
    },
    {
      "pair_id": "burnout_002",
      "category": "burnout_spiral",
      "input_length": 370,
      "output_length": 326,
      "emission_confidence": 0.5963963036718752,
      "nexus_count": 1,
      "cycles": 3,
      "v0_final": 0.19644102840685976,
      "signal_inflation": 0.8112500000000001,
      "safety_gradient": 0.51325,
      "processing_time": 0.04313921928405762,
      "emission_path": "intersection",
      "success": true
    },
    {
      "pair_id": "burnout_003",
      "category": "burnout_spiral",
      "input_length": 430,
      "output_length": 326,
      "emission_confidence": 0.4715961402370876,
      "nexus_count": 3,
      "cycles": 3,
      "v0_final": 0.15988305913089657,
      "signal_inflation": 0.9425,
      "safety_gradient": 0.4345,
      "processing_time": 0.0550079345703125,
      "emission_path": "intersection",
      "success": true
    },
    {
      "pair_id": "burnout_004",
      "category": "burnout_spiral",
      "input_length": 346,
      "output_length": 326,
      "emission_confidence": 0.4654308745325244,
      "nexus_count": 4,
      "cycles": 3,
      "v0_final": 0.15112724011556147,
      "signal_inflation": 0.83875,
      "safety_gradient": 0.49675,
      "processing_time": 0.04822206497192383,
      "emission_path": "intersection",
      "success": true
    },
    {
      "pair_id": "burnout_005",
      "category": "burnout_spiral",
      "input_length": 361,
      "output_length": 326,
      "emission_confidence": 0.5262899106666667,
      "nexus_count": 2,
      "cycles": 3,
      "v0_final": 0.17772494885551285,
      "signal_inflation": 0.07333333333333333,
      "safety_gradient": 0.956,
      "processing_time": 0.03918290138244629,
      "emission_path": "intersection",
      "success": true
    },
    {
      "pair_id": "toxic_prod_001",
      "category": "toxic_productivity",
      "input_length": 369,
      "output_length": 245,
      "emission_confidence": 0.3,
      "nexus_count": 0,
      "cycles": 3,
      "v0_final": 0.2280608347333868,
      "signal_inflation": 0.5800000000000001,
      "safety_gradient": 0.6519999999999999,
      "processing_time": 0.033386945724487305,
      "emission_path": "hebbian",
      "success": true
    },
    {
      "pair_id": "toxic_prod_002",
      "category": "toxic_productivity",
      "input_length": 339,
      "output_length": 285,
      "emission_confidence": 0.3,
      "nexus_count": 0,
      "cycles": 3,
      "v0_final": 0.22971174848345718,
      "signal_inflation": 0.04125,
      "safety_gradient": 0.97525,
      "processing_time": 0.031105995178222656,
      "emission_path": "hebbian",
      "success": true
    },
    {
      "pair_id": "toxic_prod_003",
      "category": "toxic_productivity",
      "input_length": 366,
      "output_length": 285,
      "emission_confidence": 0.45774377618106016,
      "nexus_count": 3,
      "cycles": 3,
      "v0_final": 0.12190312621465545,
      "signal_inflation": 0.77,
      "safety_gradient": 0.538,
      "processing_time": 0.049742698669433594,
      "emission_path": "intersection",
      "success": true
    },
    {
      "pair_id": "toxic_prod_004",
      "category": "toxic_productivity",
      "input_length": 339,
      "output_length": 245,
      "emission_confidence": 0.5887344511637281,
      "nexus_count": 1,