{
  "metadata": {
    "training_date": "2025-11-12T09:37:43.628537",
    "num_pairs": 30,
    "enable_phase2": true,
    "enable_salience": true,
    "training_pairs_path": "knowledge_base/conversational_training_pairs.json"
  },
  "aggregate_metrics": {
    "success_rate": 1.0,
    "error_count": 0,
    "mean_confidence": 0.46540308378405015,
    "mean_nexus_count": 2.7,
    "mean_cycles": 3.0,
    "mean_v0_final": 0.1474275107973959,
    "mean_trauma_detection": 0.4631777777777778,
    "mean_processing_time": 0.04078555901845296
  },
  "time_series": {
    "confidence_history": [
      0.4651205538877328,
      0.5963963036718752,
      0.4715961402370876,
      0.4654308745325244,
      0.5262899106666667,
      0.3,
      0.3,
      0.45774377618106016,
      0.5887344511637281,
      0.3,
      0.5297985693217855,
      0.4633546969641764,
      0.4635869601041666,
      0.5277638760150201,
      0.4558402752880814,
      0.46217216337060263,
      0.4657480360184662,
      0.5504800811979167,
      0.45812877218068854,
      0.4655916791198698,
      0.4630365321710394,
      0.5326794787760417,
      0.4478347960941309,
      0.4576367088126843,
      0.5304562736518291,
      0.6122643449999999,
      0.540825947281901,
      0.3,
      0.46358131181242784,
      0.3
    ],
    "nexus_count_history": [
      3,
      1,
      3,
      4,
      2,
      0,
      0,
      3,
      1,
      0,
      2,
      3,
      6,
      2,
      3,
      6,
      4,
      2,
      7,
      7,
      3,
      2,
      3,
      6,
      2,
      1,
      2,
      0,
      3,
      0
    ],
    "cycle_history": [
      3,
      3,
      3,
      3,
      3,
      3,
      3,
      3,
      3,
      3,
      3,
      3,
      3,
      3,
      3,
      3,
      3,
      3,
      3,
      3,
      3,
      3,
      3,
      3,
      3,
      3,
      3,
      3,
      3,
      3
    ],
    "v0_final_history": [
      0.13887115453017773,
      0.19644102840685976,
      0.15988305913089657,
      0.15112724011556147,
      0.17772494885551285,
      0.2280608347333868,
      0.22971174848345718,
      0.12190312621465545,
      0.1953845916700747,
      0.22842349506095208,
      0.13981915321982644,
      0.13770852957959062,
      0.04618998613215916,
      0.15744079064427027,
      0.15699137892076534,
      0.07459791396890794,
      0.10800217236898414,
      0.12385476401152691,
      0.041579809641166844,
      0.04157391568049112,
      0.142256168442127,
      0.20093579898678793,
      0.1718148939614423,
      0.09539924149753029,
      0.15710329144760352,
      0.15013183665708876,
      0.17480681834824593,
      0.15418260453000968,
      0.11404866562472943,
      0.20685636305708832
    ],
    "salience_trauma_history": [
      1.0,
      0.8112500000000001,
      0.9425,
      0.83875,
      0.07333333333333333,
      0.5800000000000001,
      0.04125,
      0.77,
      0.8320000000000002,
      0.5800000000000001,
      0.0,
      0.5060000000000001,
      0.0,
      0.4640000000000001,
      0.06,
      0.0,
      0.0,
      0.4900000000000001,
      0.5800000000000001,
      0.5800000000000001,
      0.1,
      0.5800000000000001,
      0.5800000000000001,
      0.89375,
      1.0,
      0.62,
      0.5800000000000001,
      0.1,
      0.1,
      0.1925000000000001
    ],
    "processing_time_history": [
      0.04958319664001465,
      0.043007850646972656,
      0.05451226234436035,
      0.04642605781555176,
      0.036528825759887695,
      0.03218412399291992,
      0.031188011169433594,
      0.050662994384765625,
      0.0433201789855957,
      0.0332798957824707,
      0.03829383850097656,
      0.03716397285461426,
      0.042990684509277344,
      0.04244279861450195,
      0.04034996032714844,
      0.04980134963989258,
      0.045942068099975586,
      0.035761117935180664,
      0.050187110900878906,
      0.038694143295288086,
      0.04167795181274414,
      0.037355899810791016,
      0.03158283233642578,
      0.04507899284362793,
      0.03738903999328613,
      0.03607916831970215,
      0.04579424858093262,
      0.031661033630371094,
      0.03837323188781738,
      0.036253929138183594
    ]
  },
  "pair_results": [
    {
      "pair_id": "burnout_001",
      "category": "burnout_spiral",
      "input_length": 414,
      "output_length": 326,
      "emission_confidence": 0.4651205538877328,
      "nexus_count": 3,
      "cycles": 3,
      "v0_final": 0.13887115453017773,
      "signal_inflation": 1.0,
      "safety_gradient": 0.4,
      "processing_time": 0.04958319664001465,
      "emission_path": "intersection",
      "success": true
    },
    {
      "pair_id": "burnout_002",
      "category": "burnout_spiral",
      "input_length": 370,
      "output_length": 326,
      "emission_confidence": 0.5963963036718752,
      "nexus_count": 1,
      "cycles": 3,
      "v0_final": 0.19644102840685976,
      "signal_inflation": 0.8112500000000001,
      "safety_gradient": 0.51325,
      "processing_time": 0.043007850646972656,
      "emission_path": "intersection",
      "success": true
    },
    {
      "pair_id": "burnout_003",
      "category": "burnout_spiral",
      "input_length": 430,
      "output_length": 326,
      "emission_confidence": 0.4715961402370876,
      "nexus_count": 3,
      "cycles": 3,
      "v0_final": 0.15988305913089657,
      "signal_inflation": 0.9425,
      "safety_gradient": 0.4345,
      "processing_time": 0.05451226234436035,
      "emission_path": "intersection",
      "success": true
    },
    {
      "pair_id": "burnout_004",
      "category": "burnout_spiral",
      "input_length": 346,
      "output_length": 326,
      "emission_confidence": 0.4654308745325244,
      "nexus_count": 4,
      "cycles": 3,
      "v0_final": 0.15112724011556147,
      "signal_inflation": 0.83875,
      "safety_gradient": 0.49675,
      "processing_time": 0.04642605781555176,
      "emission_path": "intersection",
      "success": true
    },
    {
      "pair_id": "burnout_005",
      "category": "burnout_spiral",
      "input_length": 361,
      "output_length": 326,
      "emission_confidence": 0.5262899106666667,
      "nexus_count": 2,
      "cycles": 3,
      "v0_final": 0.17772494885551285,
      "signal_inflation": 0.07333333333333333,
      "safety_gradient": 0.956,
      "processing_time": 0.036528825759887695,
      "emission_path": "intersection",
      "success": true
    },
    {
      "pair_id": "toxic_prod_001",
      "category": "toxic_productivity",
      "input_length": 369,
      "output_length": 245,
      "emission_confidence": 0.3,
      "nexus_count": 0,
      "cycles": 3,
      "v0_final": 0.2280608347333868,
      "signal_inflation": 0.5800000000000001,
      "safety_gradient": 0.6519999999999999,
      "processing_time": 0.03218412399291992,
      "emission_path": "hebbian",
      "success": true
    },
    {
      "pair_id": "toxic_prod_002",
      "category": "toxic_productivity",
      "input_length": 339,
      "output_length": 285,
      "emission_confidence": 0.3,
      "nexus_count": 0,
      "cycles": 3,
      "v0_final": 0.22971174848345718,
      "signal_inflation": 0.04125,
      "safety_gradient": 0.97525,
      "processing_time": 0.031188011169433594,
      "emission_path": "hebbian",
      "success": true
    },
    {
      "pair_id": "toxic_prod_003",
      "category": "toxic_productivity",
      "input_length": 366,
      "output_length": 285,
      "emission_confidence": 0.45774377618106016,
      "nexus_count": 3,
      "cycles": 3,
      "v0_final": 0.12190312621465545,
      "signal_inflation": 0.77,
      "safety_gradient": 0.538,
      "processing_time": 0.050662994384765625,
      "emission_path": "intersection",
      "success": true
    },
    {
      "pair_id": "toxic_prod_004",
      "category": "toxic_productivity",
      "input_length": 339,
      "output_length": 245,
      "emission_confidence": 0.5887344511637281,
      "nexus_count": 1,