{
  "epoch_id": 4,
  "task_count": 10,
  "success_count": 10,
  "success_rate": 1.0,
  "mean_satisfaction": 0.8530211385830437,
  "mean_confidence": 0.65,
  "mean_v0_final": 0.24865084036777452,
  "mean_convergence_cycles": 2.1,
  "families_discovered": 0,
  "epoch_reward": 0.86,
  "timestamp": "2025-11-12T23:24:18.989678"
}