{
  "R_matrix": [
    [
      1.0,
      0.3806422613573399,
      0.32993274537572337,
      0.3669461200887583,
      0.36435955819674437
    ],
    [
      0.3806422613573399,
      1.0,
      0.29915133281479755,
      0.37181316552398685,
      0.38842714414357166
    ],
    [
      0.32993274537572337,
      0.29915133281479755,
      1.0,
      0.3217389948418794,
      0.31890340511955484
    ],
    [
      0.3669461200887583,
      0.37181316552398685,
      0.3217389948418794,
      1.0,
      0.3745464540198284
    ],
    [
      0.36435955819674437,
      0.38842714414357166,
      0.31890340511955484,
      0.3745464540198284,
      1.0
    ]
  ],
  "update_count": 10,
  "organs": [
    "LISTENING",
    "EMPATHY",
    "WISDOM",
    "AUTHENTICITY",
    "PRESENCE"
  ],
  "eta": 0.05,
  "delta": 0.01,
  "agreement_threshold": 0.3
}