{
  "families": {
    "Family_001": {
      "family_id": "Family_001",
      "centroid": [
        0.34307400071000654,
        0.11965546839122708,
        0.2234185323187795,
        0.2234185323187795,
        -0.3267318135546163,
        0.3267318135546163,
        -0.047033325949232284,
        -0.15477444634770793,
        -0.16473153100535473,
        -0.15682903191515193,
        -0.006263788368943528,
        -0.15003724208033073,
        0.17153700035500327,
        -0.1432504859022198,
        0.0,
        -0.012019680481926132,
        0.016887471315094618,
        0.0,
        0.021242241653946857,
        0.021242241653946857,
        0.0,
        0.0,
        0.0,
        0.17153700035500327,
        0.2784570171424313,
        0.10692001678742807,
        0.10692001678742807,
        0.34307400071000654,
        0.0,
        0.08985404696634927,
        0.34307400071000654,
        0.17153700035500327,
        0.013828697007351445,
        0.0,
        0.0,
        0.0,
        0.0,
        0.0,
        0.0,
        0.0
      ],
      "member_conversations": [
        "ifs_epoch1_excited_001",
        "ifs_epoch1_excited_002",
        "ifs_epoch1_angry_001",
        "ifs_epoch1_angry_002",
        "ifs_epoch1_sad_001",
        "ifs_epoch1_sad_002",
        "ifs_epoch1_anxious_001",
        "ifs_epoch1_anxious_002",
        "ifs_epoch1_joyful_001",
        "ifs_epoch1_joyful_002",
        "ifs_epoch1_grief_001",
        "ifs_epoch1_grief_002",
        "ifs_epoch1_shame_001",
        "ifs_epoch1_shame_002",
        "ifs_epoch1_playful_001",
        "ifs_epoch1_playful_002",
        "ifs_epoch1_overwhelmed_001",
        "ifs_epoch1_overwhelmed_002",
        "ifs_epoch1_peaceful_001",
        "ifs_epoch1_peaceful_002",
        "ifs_epoch2_excited_001",
        "ifs_epoch2_excited_002",
        "ifs_epoch2_angry_001",
        "ifs_epoch2_angry_002",
        "ifs_epoch2_sad_001",
        "ifs_epoch2_sad_002",
        "ifs_epoch2_anxious_001",
        "ifs_epoch2_anxious_002",
        "ifs_epoch2_joyful_001",
        "ifs_epoch2_joyful_002",
        "ifs_epoch2_grief_001",
        "ifs_epoch2_grief_002",
        "ifs_epoch2_shame_001",
        "ifs_epoch2_shame_002",
        "ifs_epoch2_playful_001",
        "ifs_epoch2_playful_002",
        "ifs_epoch2_overwhelmed_001",
        "ifs_epoch2_overwhelmed_002",
        "ifs_epoch2_peaceful_001",
        "ifs_epoch2_peaceful_002"
      ],
      "member_count": 40,
      "mean_satisfaction": 0.3042825262225765,
      "std_satisfaction": 0.0,
      "is_mature": true,
      "maturity_level": "mature",
      "first_seen": "2025-11-15T22:56:11.876421",
      "last_updated": "2025-11-15T22:59:43.300358",
      "semantic_name": null,
      "semantic_description": null,
      "dominant_organs": [],
      "organ_activation_means": {}
    }
  },
  "conversation_to_family": {
    "ifs_epoch1_excited_001": "Family_001",
    "ifs_epoch1_excited_002": "Family_001",
    "ifs_epoch1_angry_001": "Family_001",
    "ifs_epoch1_angry_002": "Family_001",
    "ifs_epoch1_sad_001": "Family_001",
    "ifs_epoch1_sad_002": "Family_001",
    "ifs_epoch1_anxious_001": "Family_001",
    "ifs_epoch1_anxious_002": "Family_001",
    "ifs_epoch1_joyful_001": "Family_001",
    "ifs_epoch1_joyful_002": "Family_001",
    "ifs_epoch1_grief_001": "Family_001",
    "ifs_epoch1_grief_002": "Family_001",
    "ifs_epoch1_shame_001": "Family_001",
    "ifs_epoch1_shame_002": "Family_001",
    "ifs_epoch1_playful_001": "Family_001",
    "ifs_epoch1_playful_002": "Family_001",
    "ifs_epoch1_overwhelmed_001": "Family_001",
    "ifs_epoch1_overwhelmed_002": "Family_001",
    "ifs_epoch1_peaceful_001": "Family_001",
    "ifs_epoch1_peaceful_002": "Family_001",
    "ifs_epoch2_excited_001": "Family_001",
    "ifs_epoch2_excited_002": "Family_001",
    "ifs_epoch2_angry_001": "Family_001",
    "ifs_epoch2_angry_002": "Family_001",
    "ifs_epoch2_sad_001": "Family_001",
    "ifs_epoch2_sad_002": "Family_001",
    "ifs_epoch2_anxious_001": "Family_001",
    "ifs_epoch2_anxious_002": "Family_001",
    "ifs_epoch2_joyful_001": "Family_001",
    "ifs_epoch2_joyful_002": "Family_001",
    "ifs_epoch2_grief_001": "Family_001",
    "ifs_epoch2_grief_002": "Family_001",
    "ifs_epoch2_shame_001": "Family_001",
    "ifs_epoch2_shame_002": "Family_001",
    "ifs_epoch2_playful_001": "Family_001",
    "ifs_epoch2_playful_002": "Family_001",
    "ifs_epoch2_overwhelmed_001": "Family_001",
    "ifs_epoch2_overwhelmed_002": "Family_001",
    "ifs_epoch2_peaceful_001": "Family_001",
    "ifs_epoch2_peaceful_002": "Family_001"
  },
  "next_family_id": 2,
  "last_updated": "2025-11-15T22:59:43.300442",
  "total_families": 1,
  "mature_families": 1,
  "total_conversations": 40
}